"title","weighted_tags","wikibase_item","FilmID","primaryTitle","status","QID.imdb","imdb.status"
"Mickey Mouse","classification.ores.articletopic/Culture.Media.Films|777|classification.ores.articletopic/Culture.Media.Media*|983","Q11934","tt0139986","Dinner Time","not exact match",NA,NA
"Piratas del Caribe","classification.ores.articletopic/Culture.Media.Films|771|classification.ores.articletopic/Culture.Media.Media*|987|recommendation.image_section/exists|1","Q194318","tt0383574","Pirates of the Caribbean: Dead Man's Chest","not exact match",NA,NA
"Cine gore","classification.ores.articletopic/Culture.Media.Media*|986|classification.ores.articletopic/Culture.Media.Films|994","Q909586","tt0077402","Dawn of the Dead","not exact match",NA,NA
"El planeta de los simios (franquicia)","classification.ores.articletopic/Culture.Media.Films|760|classification.ores.articletopic/Culture.Media.Media*|993|classification.ores.articletopic/Culture.Media.Entertainment|986","Q731663","tt2103281","Dawn of the Planet of the Apes","not exact match",NA,NA
"Shrek (franquicia)","classification.ores.articletopic/Culture.Media.Media*|993|classification.ores.articletopic/Culture.Media.Films|917|recommendation.image/exists|1","Q1203222","tt3915174","Puss in Boots: The Last Wish","not exact match",NA,NA
"Leatherface","classification.ores.articletopic/Culture.Media.Films|760|classification.ores.articletopic/Culture.Media.Media*|924|classification.ores.articletopic/Culture.Literature|835","Q1647348","tt0286214","Texas Chain Saw Massacre: The Shocking Truth","not exact match",NA,NA
"VHS","classification.ores.articletopic/Culture.Media.Media*|943|classification.ores.articletopic/STEM.STEM*|712|classification.ores.articletopic/Culture.Media.Films|798|classification.ores.articletopic/STEM.Technology|705|classification.ores.articletopic/Culture.Media.Television|777","Q183976","tt8704802","The Last Blockbuster","not exact match",NA,NA
"Actores de James Bond","classification.ores.articletopic/STEM.Biology|79|classification.ores.articletopic/Culture.Literature|751|classification.ores.articletopic/Culture.Media.Films|905|classification.ores.articletopic/Culture.Media.Media*|947","Q6129980","tt2382320","No Time to Die","not exact match",NA,NA
"Jessie (Toy Story)","classification.ores.articletopic/Culture.Media.Media*|994|classification.ores.articletopic/Culture.Biography.Women|754|classification.ores.articletopic/Geography.Regions.Americas.North_America|651|classification.ores.articletopic/Culture.Literature|507|classification.ores.articletopic/Culture.Media.Films|718|classification.ores.articletopic/Culture.Media.Entertainment|979","Q2200623","tt0435761","Toy Story 3","not exact match",NA,NA
"Barbie (películas)","classification.ores.articletopic/Culture.Media.Media*|993|classification.ores.articletopic/Culture.Media.Entertainment|835|classification.ores.articletopic/Culture.Media.Films|955","Q2532722","tt0313254","Barbie and the Rockers: Out of This World","not exact match",NA,NA
"Darth Maul","classification.ores.articletopic/Culture.Media.Films|997|classification.ores.articletopic/Culture.Media.Media*|992|classification.ores.articletopic/Culture.Literature|839","Q51766","tt0120915","Star Wars: Episode I - The Phantom Menace","not exact match",NA,NA
"Lola Bunny","classification.ores.articletopic/Culture.Literature|985|classification.ores.articletopic/Culture.Media.Films|766|classification.ores.articletopic/Culture.Visual_arts.Visual_arts*|569|classification.ores.articletopic/Culture.Visual_arts.Comics_and_Anime|615|classification.ores.articletopic/Culture.Media.Media*|957|recommendation.image_section/exists|1","Q1575844","tt4840666","Looney Tunes: Rabbits Run","not exact match",NA,NA
"Marty McFly","classification.ores.articletopic/Culture.Media.Films|562|classification.ores.articletopic/Culture.Biography.Biography*|665|classification.ores.articletopic/Culture.Media.Media*|936|recommendation.image_section/exists|1","Q2338941","tt0101042","Back to the Future","not exact match",NA,NA
"Precious (película)","classification.ores.articletopic/Culture.Media.Films|992|classification.ores.articletopic/Culture.Media.Media*|998","Q269331","tt0929632","Precious","not exact match",NA,NA
"Filmografía de Arnold Schwarzenegger","classification.ores.articletopic/Culture.Media.Media*|966|classification.ores.articletopic/Culture.Media.Films|952|classification.ores.articletopic/Culture.Biography.Biography*|457","Q777740","tt2205904","Generation Iron","not exact match",NA,NA
"John Wick (personaje)","classification.ores.articletopic/Geography.Regions.Americas.North_America|507|classification.ores.articletopic/Culture.Literature|962|classification.ores.articletopic/Culture.Media.Films|615|classification.ores.articletopic/Culture.Media.Media*|585|recommendation.image_section/exists|1","Q64417139","tt2911666","John Wick","not exact match",NA,NA
"Art el payaso","classification.ores.articletopic/Culture.Media.Films|275|classification.ores.articletopic/Culture.Literature|796|classification.ores.articletopic/Culture.Media.Entertainment|399|classification.ores.articletopic/Culture.Media.Media*|958","Q85743168","tt2900624","All Hallows' Eve","not exact match",NA,NA
"Cine de República Dominicana","classification.ores.articletopic/Culture.Media.Media*|766|classification.ores.articletopic/Culture.Media.Films|851|classification.ores.articletopic/Geography.Regions.Americas.Central_America|817|recommendation.image_section/exists|1|recommendation.image/exists|1","Q5769596","tt3782876","Código Paz","not exact match",NA,NA
"La Mesías","classification.ores.articletopic/Culture.Media.Media*|999|classification.ores.articletopic/Culture.Media.Films|651|classification.ores.articletopic/Geography.Regions.Europe.Southern_Europe|712","Q122840047","tt20096840","La Mesías","match",NA,NA
"Anna (Frozen)","classification.ores.articletopic/Culture.Literature|976|classification.ores.articletopic/Culture.Biography.Biography*|904|classification.ores.articletopic/Culture.Media.Media*|983|classification.ores.articletopic/Culture.Biography.Women|975|classification.ores.articletopic/Culture.Media.Films|987","Q15614636","tt2294629","Frozen","not exact match",NA,NA
"Midori: la niña de las camelias","classification.ores.articletopic/Culture.Media.Media*|988|classification.ores.articletopic/Culture.Media.Films|994|classification.ores.articletopic/Culture.Visual_arts.Visual_arts*|577","Q3209840","tt0930902","Midori","not exact match",NA,NA
"Davy Jones (Piratas del Caribe)","classification.ores.articletopic/Culture.Media.Films|975|classification.ores.articletopic/Culture.Literature|948|classification.ores.articletopic/Culture.Media.Media*|914|recommendation.image_section/exists|1","Q840202","tt0383574","Pirates of the Caribbean: Dead Man's Chest","not exact match",NA,NA
"Lotso","classification.ores.articletopic/Culture.Media.Media*|997|classification.ores.articletopic/Culture.Media.Films|554|classification.ores.articletopic/Culture.Media.Entertainment|839","Q10749037","tt0435761","Toy Story 3","not exact match",NA,NA
"Remakes de acción en vivo de películas animadas de Disney","classification.ores.articletopic/Culture.Media.Films|964|classification.ores.articletopic/Culture.Media.Media*|991","Q39086136","tt15410560","Maleficent 3","not exact match",NA,NA
"Elmer Gruñón","classification.ores.articletopic/Culture.Literature|987|classification.ores.articletopic/Culture.Media.Media*|991|classification.ores.articletopic/Culture.Media.Films|924","Q844904","tt0036050","An Itch in Time","not exact match",NA,NA
"Universo de Mickey Mouse","classification.ores.articletopic/Culture.Literature|600|classification.ores.articletopic/Culture.Media.Media*|985|classification.ores.articletopic/Culture.Media.Films|952","Q3260246","tt0027963","Mickey's Polo Team","not exact match",NA,NA
"Drama (cine y televisión)","classification.ores.articletopic/Culture.Media.Films|993|classification.ores.articletopic/Culture.Media.Media*|996","Q130232","tt0092843","The Dead","not exact match",NA,NA
"Michael Corleone","classification.ores.articletopic/Culture.Media.Films|380|classification.ores.articletopic/Culture.Literature|892|classification.ores.articletopic/Culture.Media.Media*|990|recommendation.image/exists|1","Q835154","tt0068646","The Godfather","not exact match",NA,NA
"No Me Rompan","classification.ores.articletopic/Geography.Regions.Americas.South_America|945|classification.ores.articletopic/Culture.Media.Media*|995|classification.ores.articletopic/Culture.Media.Films|984","Q121769776","tt28444644","No Me Rompan","match",NA,NA
"Hana yori dango","classification.ores.articletopic/Geography.Regions.Asia.Asia*|808|classification.ores.articletopic/Culture.Visual_arts.Visual_arts*|629|classification.ores.articletopic/Culture.Literature|665|classification.ores.articletopic/Culture.Media.Films|665|classification.ores.articletopic/Geography.Regions.Asia.East_Asia|771|classification.ores.articletopic/Culture.Media.Media*|926|classification.ores.articletopic/Culture.Visual_arts.Comics_and_Anime|843","Q714078","tt0889194","Boys Over Flowers","not exact match",NA,NA
"Emmanuelle","classification.ores.articletopic/Culture.Media.Films|982|classification.ores.articletopic/Culture.Media.Media*|977","Q21197542","tt0071464","Emmanuelle","match",NA,NA
"Ellen Ripley","classification.ores.articletopic/Culture.Media.Entertainment|909|classification.ores.articletopic/Culture.Literature|798|classification.ores.articletopic/Culture.Media.Media*|985|classification.ores.articletopic/Culture.Media.Films|973","Q988925","tt0078748","Alien","not exact match",NA,NA
"Bluto","classification.ores.articletopic/Culture.Media.Films|454|classification.ores.articletopic/Culture.Literature|964|classification.ores.articletopic/Culture.Media.Media*|798|classification.ores.articletopic/Culture.Visual arts.Visual arts*|820|classification.ores.articletopic/Culture.Visual arts.Comics and Anime|949","Q2519837","tt0081353","Popeye","not exact match",NA,NA
"Cobra (manga)","classification.ores.articletopic/Culture.Literature|998|classification.ores.articletopic/Culture.Visual_arts.Visual_arts*|993|classification.ores.articletopic/Culture.Visual_arts.Comics_and_Anime|994|classification.ores.articletopic/Culture.Media.Films|600|classification.ores.articletopic/Culture.Media.Media*|847","Q1300619","tt0163494","Space Adventure Cobra","not exact match",NA,NA
"Filmografía de Tom Cruise","classification.ores.articletopic/Culture.Media.Films|333|classification.ores.articletopic/Culture.Biography.Biography*|594|classification.ores.articletopic/Culture.Media.Media*|873","Q3467556","tt1013743","Knight and Day","not exact match",NA,NA
"Palm Dog","classification.ores.articletopic/Culture.Media.Films|909|classification.ores.articletopic/Geography.Regions.Europe.Europe*|531|classification.ores.articletopic/Culture.Media.Media*|914|recommendation.image/exists|1","Q3361613","tt0800159","Pingpong","not exact match",NA,NA
"Las urracas parlanchinas","classification.ores.articletopic/Culture.Media.Films|388|classification.ores.articletopic/Culture.Visual arts.Comics and Anime|951|classification.ores.articletopic/Culture.Literature|987|classification.ores.articletopic/Culture.Media.Media*|953|classification.ores.articletopic/Culture.Visual arts.Visual arts*|769|classification.ores.articletopic/Culture.Media.Television|890","Q55408813","tt0220902","The Heckle and Jeckle Show","not exact match",NA,NA
"Legend of the Galactic Heroes","classification.ores.articletopic/Culture.Visual_arts.Comics_and_Anime|896|classification.ores.articletopic/Culture.Media.Films|562|classification.ores.articletopic/Culture.Literature|971|classification.ores.articletopic/Culture.Media.Entertainment|724|classification.ores.articletopic/Culture.Visual_arts.Visual_arts*|777|classification.ores.articletopic/Culture.Media.Media*|938","Q701383","tt0096633","Legend of the Galactic Heroes","match",NA,NA
"El rapto","classification.ores.articletopic/Culture.Media.Films|997|classification.ores.articletopic/Culture.Media.Media*|995","Q120871782","tt21340020","The Rescue: The Weight of the World","not exact match",NA,NA
"Falso documental","classification.ores.articletopic/Culture.Media.Films|996|classification.ores.articletopic/Culture.Media.Media*|994","Q8812380","tt0751264","X-Cops","not exact match",NA,NA
"Titanic (banda sonora)","classification.ores.articletopic/Culture.Media.Media*|1000|classification.ores.articletopic/Culture.Biography.Biography*|644|classification.ores.articletopic/Culture.Media.Music|996|classification.ores.articletopic/Culture.Media.Films|705|recommendation.image_section/exists|1","Q2478025","tt0120338","Titanic","not exact match",NA,NA
"El Vacilón de la Mañana","classification.ores.articletopic/Culture.Media.Media*|980|classification.ores.articletopic/Culture.Media.Films|629","Q597187","tt0428003","El vacilón: The Movie","not exact match",NA,NA
"Íñigo Montoya","classification.ores.articletopic/Culture.Media.Films|773|classification.ores.articletopic/Culture.Literature|985|classification.ores.articletopic/Culture.Media.Books|693|classification.ores.articletopic/Culture.Media.Media*|928","Q3798780","tt0093779","The Princess Bride","not exact match",NA,NA
"Escena poscréditos","classification.ores.articletopic/Culture.Media.Media*|931|classification.ores.articletopic/Culture.Literature|775|classification.ores.articletopic/Culture.Media.Films|753","Q512311","tt0091042","Ferris Bueller's Day Off","not exact match",NA,NA
"Raúl Santana","classification.ores.articletopic/Culture.Biography.Biography*|965|classification.ores.articletopic/Culture.Media.Media*|880|classification.ores.articletopic/Culture.Media.Films|569|classification.ores.articletopic/Geography.Regions.Americas.South_America|531","Q101557018","tt5869370","Dedicada A Mi Ex","not exact match",NA,NA
"Lobo feroz (película)","classification.ores.articletopic/Culture.Media.Films|991|classification.ores.articletopic/Culture.Media.Media*|938","Q116233263","tt14118246","Lobo Feroz","not exact match",NA,NA
"Carrie White","classification.ores.articletopic/Culture.Media.Media*|932|classification.ores.articletopic/Culture.Biography.Biography*|615|classification.ores.articletopic/Geography.Regions.Americas.North_America|546|classification.ores.articletopic/Culture.Media.Films|705","Q2940250","tt0074285","Carrie","not exact match",NA,NA
"Versiones de Blade Runner","classification.ores.articletopic/Culture.Media.Films|996|classification.ores.articletopic/Culture.Media.Media*|970","Q7922698","tt0083658","Blade Runner","not exact match",NA,NA
"James Rhodes (Universo cinematográfico de Marvel)","classification.ores.articletopic/Culture.Literature|972|classification.ores.articletopic/Culture.Visual_arts.Comics_and_Anime|938|classification.ores.articletopic/Culture.Visual_arts.Visual_arts*|912|classification.ores.articletopic/Culture.Media.Media*|808|classification.ores.articletopic/Culture.Media.Films|705","Q23895040","tt1228705","Iron Man 2","not exact match",NA,NA
"Mariano Cohn y Gastón Duprat","classification.ores.articletopic/Culture.Media.Films|535|classification.ores.articletopic/Culture.Biography.Biography*|329","Q5526897","tt1248290","The Artist","not exact match",NA,NA
"Donkey punch","classification.ores.articletopic/Culture.Media.Media*|900|classification.ores.articletopic/STEM.STEM*|777|classification.ores.articletopic/Culture.Media.Films|407|classification.ores.articletopic/History and Society.Society|601|classification.ores.articletopic/STEM.Biology|741","Q2729435","tt0988849","Donkey Punch","not exact match",NA,NA
"Cine histórico","classification.ores.articletopic/Culture.Media.Media*|980|classification.ores.articletopic/Culture.Media.Films|936","Q17013749","tt0148109","Los episodios nacionales","not exact match",NA,NA
"Estudios Churubusco","classification.ores.articletopic/Culture.Media.Media*|945|classification.ores.articletopic/Geography.Regions.Americas.North_America|887|classification.ores.articletopic/Culture.Media.Films|957|classification.oneoff.T301028/mexico","Q3501058","tt0054047","The Magnificent Seven","not exact match",NA,NA
"Edad de Oro del porno","classification.ores.articletopic/Culture.Media.Films|990|classification.ores.articletopic/Culture.Media.Media*|987|classification.ores.articletopic/History_and_Society.Society|644","Q1476435","tt0062745","Blue Movie","not exact match",NA,NA
"Hermanos Duffer","classification.ores.articletopic/Culture.Media.Films|432|classification.ores.articletopic/History and Society.Society|351|classification.ores.articletopic/Culture.Media.Media*|942|classification.ores.articletopic/Culture.Media.Television|635|recommendation.image_section/exists|1","Q26097618","tt2131532","Hidden","not exact match",NA,NA
"La dama del perrito","classification.ores.articletopic/Geography.Regions.Europe.Eastern_Europe|999|classification.ores.articletopic/Culture.Biography.Biography*|749|classification.ores.articletopic/Geography.Regions.Asia.North_Asia|999|classification.ores.articletopic/History_and_Society.Military_and_warfare|577|classification.ores.articletopic/Geography.Regions.Asia.Asia*|996|classification.ores.articletopic/Geography.Regions.Europe.Europe*|984|classification.ores.articletopic/Culture.Media.Media*|803|classification.ores.articletopic/Culture.Media.Films|607|recommendation.image_section/exists|1","Q2418554","tt0093664","Dark Eyes","not exact match",NA,NA
"Aladdín (musical)","classification.ores.articletopic/Culture.Media.Music|946|classification.ores.articletopic/Culture.Media.Films|712|classification.ores.articletopic/Culture.Media.Media*|946|classification.ores.articletopic/Culture.Performing_arts|859","Q15839051","tt0103639","Aladdin","not exact match",NA,NA
"Norman Stansfield","classification.ores.articletopic/Culture.Media.Media*|996|classification.ores.articletopic/Culture.Media.Films|995|classification.ores.articletopic/Culture.Literature|607","Q7052821","tt0110413","Léon: The Professional","not exact match",NA,NA
"Chick flick","classification.ores.articletopic/Culture.Literature|789|classification.ores.articletopic/Culture.Media.Media*|699|classification.ores.articletopic/History and Society.Society|515|classification.ores.articletopic/History and Society.History|216|classification.ores.articletopic/Culture.Media.Films|939|recommendation.image/exists|1","Q2075808","tt0084434","An Officer and a Gentleman","not exact match",NA,NA
"Metraje","classification.ores.articletopic/Culture.Media.Media*|992|classification.ores.articletopic/Culture.Media.Films|998|recommendation.image/exists|1","Q1192650","tt0083658","Blade Runner","not exact match",NA,NA
"Cell (novela)","classification.ores.articletopic/Culture.Media.Films|453|classification.ores.articletopic/Culture.Literature|949|classification.ores.articletopic/Culture.Media.Media*|979","Q469889","tt0775440","Cell","not exact match",NA,NA
"Descendants: The Rise of Red","classification.ores.articletopic/Culture.Media.Media*|977|classification.ores.articletopic/Culture.Media.Films|996","Q115941750","tt20202136","Descendants: The Rise of Red","match",NA,NA
"Primera temporada de Loki","classification.ores.articletopic/Culture.Literature|896|classification.ores.articletopic/Culture.Media.Films|338|classification.ores.articletopic/Culture.Media.Media*|936","Q107185252","tt9140554","Loki","not exact match",NA,NA
"Cine en 2017","classification.ores.articletopic/Culture.Media.Media*|877|classification.ores.articletopic/Culture.Media.Films|998","Q16958965","tt3171832","iBoy","not exact match",NA,NA
"Almirante Ackbar (Star Wars)","classification.ores.articletopic/Culture.Media.Films|983|classification.ores.articletopic/Culture.Media.Media*|991","Q52306","tt5532610","Secrets of the Force Awakens: A Cinematic Journey","not exact match",NA,NA
"Iván el Terrible (película)","classification.ores.articletopic/Geography.Regions.Europe.Eastern_Europe|941|classification.ores.articletopic/Culture.Media.Media*|600|classification.ores.articletopic/Culture.Media.Films|577|classification.ores.articletopic/Geography.Regions.Asia.North_Asia|966|classification.ores.articletopic/Geography.Regions.Asia.Asia*|956|classification.ores.articletopic/Geography.Regions.Europe.Europe*|893","Q20051329","tt0037824","Ivan the Terrible, Part I","not exact match",NA,NA
"Cine de Honduras","classification.ores.articletopic/Culture.Media.Media*|955|classification.ores.articletopic/Geography.Regions.Americas.Central_America|637|classification.ores.articletopic/Culture.Media.Films|966","Q5769557","tt9314492","It's Me, Sarah","not exact match",NA,NA
"Premios y nominaciones de No Country for Old Men","classification.ores.articletopic/Culture.Media.Media*|942|classification.ores.articletopic/Culture.Media.Films|994|classification.ores.articletopic/History and Society.Society|721","Q4120892","tt0477348","No Country for Old Men","not exact match",NA,NA
"El otro hijo","classification.ores.articletopic/Culture.Media.Media*|1000|classification.ores.articletopic/Culture.Media.Films|999|classification.ores.articletopic/Geography.Regions.Americas.South_America|880","Q121523387","tt22024112","The Other Son","not exact match",NA,NA
"Mumblecore","classification.ores.articletopic/Culture.Media.Films|994|classification.ores.articletopic/Culture.Media.Media*|992","Q1108032","tt2679480","Sulemani Keeda","not exact match",NA,NA
"Gambit (película)","classification.ores.articletopic/Culture.Media.Media*|953|classification.ores.articletopic/Culture.Literature|645|classification.ores.articletopic/Culture.Media.Films|985|recommendation.image_section/exists|1","Q42307675","tt3729594",NA,NA,NA,NA
"Cine en 2015","classification.ores.articletopic/Culture.Media.Media*|643|classification.ores.articletopic/Culture.Media.Films|995","Q13553713","tt3569230","Legend","not exact match",NA,NA
"Asfixiados (película de 2023)","classification.ores.articletopic/Culture.Media.Films|1000|classification.ores.articletopic/Culture.Media.Media*|999|classification.ores.articletopic/Geography.Regions.Americas.South_America|793","Q117383503","tt6969060","Episode #1.44","not exact match",NA,NA
"Premios y nominaciones de Breaking Bad","classification.ores.articletopic/Culture.Media.Films|585|classification.ores.articletopic/Culture.Media.Television|885|classification.ores.articletopic/Culture.Media.Media*|957","Q115889","tt0903747","Breaking Bad","not exact match",NA,NA
"Wookiee","classification.ores.articletopic/Culture.Literature|900|classification.ores.articletopic/Culture.Media.Media*|885|classification.ores.articletopic/Culture.Media.Films|950","Q1750900","tt0066434","THX 1138","not exact match",NA,NA
"Powerhouse Animation Studios","classification.ores.articletopic/History and Society.Business and economics|522|classification.ores.articletopic/STEM.Computing|410|classification.ores.articletopic/Culture.Media.Films|664|classification.ores.articletopic/Culture.Media.Video games|893|classification.ores.articletopic/Culture.Media.Media*|970|classification.ores.articletopic/Culture.Literature|708|classification.ores.articletopic/Culture.Internet culture|928|recommendation.link/exists|1","Q7236723","tt6517102","Castlevania","not exact match",NA,NA
"Adaptación literaria","classification.ores.articletopic/Culture.Media.Films|343|classification.ores.articletopic/Culture.Media.Media*|912|classification.ores.articletopic/Culture.Media.Books|868|classification.ores.articletopic/Culture.Literature|857","Q352425","tt0000420","Alice in Wonderland","not exact match",NA,NA
"Cine en 2021","classification.ores.articletopic/Culture.Biography.Biography*|410|classification.ores.articletopic/Culture.Media.Films|947","Q56278196","tt10661710","Born a Champion","not exact match",NA,NA
"Under the Sea","classification.ores.articletopic/Culture.Media.Media*|989|classification.ores.articletopic/Culture.Media.Films|832|classification.ores.articletopic/Culture.Media.Music|882","Q3119769","tt0097757","The Little Mermaid","not exact match",NA,NA
"El método Tangalanga","classification.ores.articletopic/Culture.Media.Films|1000|classification.ores.articletopic/Culture.Media.Media*|998","Q117354252","tt23036332","The Tangalanga Method","not exact match",NA,NA
"Taboo (serie fílmica)","classification.ores.articletopic/Culture.Media.Films|957|classification.ores.articletopic/STEM.Biology|438|classification.ores.articletopic/History and Society.Society|558|classification.ores.articletopic/Culture.Biography.Biography*|494|classification.ores.articletopic/Culture.Media.Media*|858","Q980932","tt0081593","Taboo","not exact match",NA,NA
"Cad Bane","classification.ores.articletopic/Culture.Literature|724|classification.ores.articletopic/Culture.Media.Entertainment|637|classification.ores.articletopic/Culture.Media.Media*|1000|classification.ores.articletopic/Culture.Media.Films|1000","Q52374","tt0458290","Star Wars: The Clone Wars","not exact match",NA,NA
"Cine en 2020","classification.ores.articletopic/Culture.Media.Films|967","Q20979589","tt2263648","What About Love","not exact match",NA,NA
"Infierno del desarrollo","classification.ores.articletopic/Culture.Media.Media*|989|classification.ores.articletopic/Culture.Media.Films|585","Q2081312","tt0803096","Warcraft","not exact match",NA,NA
"Cine en 2011","classification.ores.articletopic/Culture.Media.Films|987","Q250415","tt1531663","Everything Must Go","not exact match",NA,NA
"Tyke","classification.ores.articletopic/Culture.Media.Films|685|classification.ores.articletopic/History_and_Society.Society|731|classification.ores.articletopic/Culture.Media.Media*|760|classification.ores.articletopic/History_and_Society.Politics_and_government|731|classification.ores.articletopic/STEM.Biology|546|classification.ores.articletopic/STEM.STEM*|562","Q2790269","tt4254838","Tyke Elephant Outlaw","not exact match",NA,NA
"Películas de Bolivia","classification.ores.articletopic/Culture.Media.Films|994|classification.ores.articletopic/Culture.Media.Media*|814","Q6564239","tt2638480","Yvy Maraey","not exact match",NA,NA
"La sirenita (musical)","classification.ores.articletopic/Culture.Media.Music|904|classification.ores.articletopic/Culture.Biography.Biography*|515|classification.ores.articletopic/Culture.Media.Media*|928|classification.ores.articletopic/Culture.Performing_arts|569|classification.ores.articletopic/Culture.Media.Films|629|recommendation.image/exists|1","Q911906","tt0097757","The Little Mermaid","not exact match",NA,NA
"Docuficción","classification.ores.articletopic/Culture.Media.Media*|996|classification.ores.articletopic/Culture.Media.Films|998|recommendation.image_section/exists|1","Q472637","tt0073037","Gente da Praia da Vieira","not exact match",NA,NA
"Rosa de lejos (película)","classification.ores.articletopic/Culture.Media.Films|951|classification.ores.articletopic/Culture.Media.Media*|990|classification.ores.articletopic/Geography.Regions.Americas.South_America|523|classification.oneoff.T301028/argentina","Q7367145","tt0337116",NA,NA,NA,NA
"Premios y nominaciones de Dallas Buyers Club","classification.ores.articletopic/Culture.Media.Films|993|classification.ores.articletopic/History and Society.Society|573|classification.ores.articletopic/Culture.Media.Media*|965","Q16819981","tt0790636","Dallas Buyers Club","not exact match",NA,NA
"Filmografía de Ridley Scott","classification.ores.articletopic/Culture.Media.Films|964|classification.ores.articletopic/Culture.Media.Media*|957","Q18924389","tt0000631","Hamlet","not exact match",NA,NA
"Killjoy (personaje)","classification.ores.articletopic/Culture.Media.Media*|995|classification.ores.articletopic/Culture.Literature|987|classification.ores.articletopic/Culture.Media.Video_games|976|classification.ores.articletopic/Culture.Internet_culture|961|classification.ores.articletopic/Culture.Media.Films|562","Q107315226","tt12104902","Valorant","not exact match",NA,NA
"Ash (androide)","classification.ores.articletopic/Culture.Literature|977|classification.ores.articletopic/Culture.Media.Films|892|classification.ores.articletopic/Culture.Media.Books|628|classification.ores.articletopic/Culture.Media.Entertainment|664|classification.ores.articletopic/Culture.Media.Media*|990","Q133393","tt0090605","Aliens","not exact match",NA,NA
"Fetichismo de látex","classification.ores.articletopic/Culture.Media.Media*|766|classification.ores.articletopic/History_and_Society.Society|949|classification.ores.articletopic/STEM.STEM*|777|classification.ores.articletopic/STEM.Biology|826|classification.ores.articletopic/Culture.Media.Films|826","Q1417676","tt0093727","Personal Services","not exact match",NA,NA
"Videografía y filmografía de Miley Cyrus","classification.ores.articletopic/Culture.Media.Music|153|classification.ores.articletopic/Culture.Media.Media*|932|classification.ores.articletopic/Culture.Media.Films|279|classification.ores.articletopic/Culture.Biography.Biography*|688","Q16161942","tt1672810","Miley Cyrus: Live at the O2","not exact match",NA,NA
"Filmografía de Gary Cooper","classification.ores.articletopic/Culture.Media.Media*|932|classification.ores.articletopic/Culture.Media.Films|997|classification.ores.articletopic/Culture.Biography.Biography*|458","Q5524894","tt0748264","The Western","not exact match",NA,NA
"Películas cubanas","classification.ores.articletopic/Culture.Media.Films|908|classification.ores.articletopic/Culture.Media.Media*|904","Q6568148","tt0468114","La serpiente roja","not exact match",NA,NA
"Filmografía de Penélope Cruz","classification.ores.articletopic/Culture.Media.Films|971|classification.ores.articletopic/Culture.Biography.Women|671|classification.ores.articletopic/Culture.Biography.Biography*|952","Q6351478","tt0115945","A Corner of Paradise","not exact match",NA,NA
"El auge del humano 3","classification.ores.articletopic/Culture.Media.Films|1000|classification.ores.articletopic/Culture.Media.Media*|1000","Q121391717","tt28293875","The Human Surge 3","not exact match",NA,NA
"El hombre del traje negro","classification.ores.articletopic/Culture.Media.Media*|988|classification.ores.articletopic/Culture.Literature|992|classification.ores.articletopic/Culture.Media.Films|307|classification.ores.articletopic/Culture.Media.Books|994","Q2045767","tt0404220","The Man in the Black Suit","not exact match",NA,NA
"Camila Arteche","classification.ores.articletopic/Culture.Media.Films|585|classification.ores.articletopic/Culture.Biography.Biography*|987|classification.ores.articletopic/Culture.Biography.Women|798|classification.ores.articletopic/Culture.Media.Media*|651","Q56328691","tt5095010","The Companion","not exact match",NA,NA
"Private Snafu","classification.ores.articletopic/Culture.Media.Films|993|classification.ores.articletopic/Culture.Media.Media*|980|recommendation.image_section/exists|1","Q1141955","tt0305983","Private Snafu Presents Seaman Tarfu in the Navy","not exact match",NA,NA
"Peter Parker (serie de películas de Sam Raimi)","classification.ores.articletopic/Culture.Media.Films|531|classification.ores.articletopic/Culture.Visual_arts.Visual_arts*|970|classification.ores.articletopic/Culture.Media.Media*|699|classification.ores.articletopic/Culture.Literature|982|classification.ores.articletopic/Culture.Visual_arts.Comics_and_Anime|955|recommendation.image_section/exists|1","Q60464931","tt0290983","Spider-Man","not exact match",NA,NA
"Premios y nominaciones de Black Swan","classification.ores.articletopic/Culture.Media.Films|996|classification.ores.articletopic/History and Society.Society|792|classification.ores.articletopic/Culture.Media.Media*|951","Q6119790","tt0947798","Black Swan","not exact match",NA,NA
"Historia de Madonna en el cine","classification.ores.articletopic/Culture.Biography.Biography*|592|classification.ores.articletopic/Culture.Media.Media*|982|classification.ores.articletopic/Culture.Media.Films|924","Q28502052","tt0319783","Madonna: Exposed","not exact match",NA,NA
"Premios y nominaciones de El Gran Hotel Budapest","classification.ores.articletopic/History and Society.Society|419|classification.ores.articletopic/Culture.Media.Films|964|classification.ores.articletopic/Culture.Media.Media*|959","Q20716501","tt2278388","The Grand Budapest Hotel","not exact match",NA,NA
"Neon (personaje)","classification.ores.articletopic/Culture.Media.Media*|990|classification.ores.articletopic/Culture.Literature|989|classification.ores.articletopic/Culture.Media.Video_games|912|classification.ores.articletopic/Culture.Internet_culture|749|classification.ores.articletopic/Geography.Regions.Asia.Asia*|651|classification.ores.articletopic/Culture.Media.Films|538","Q110426581","tt12104902","Valorant","not exact match",NA,NA
"En la ardiente oscuridad","classification.ores.articletopic/Culture.Media.Media*|901|classification.ores.articletopic/Culture.Media.Music|141|classification.ores.articletopic/Culture.Media.Films|628|recommendation.image/exists|1","Q3272183","tt0051580","In Burning Darkness","not exact match",NA,NA
"Premios y nominaciones de Natalie Portman","classification.ores.articletopic/History and Society.Society|653|classification.ores.articletopic/Culture.Media.Films|818|classification.ores.articletopic/Culture.Biography.Biography*|476|classification.ores.articletopic/Culture.Media.Media*|729","Q6606786","tt0000204","Jésus devant Pilate","not exact match",NA,NA
"Películas rodadas en Almería","classification.ores.articletopic/Culture.Media.Films|468|classification.ores.articletopic/Culture.Media.Media*|655","Q3243881","tt1528100","Exodus: Gods and Kings","not exact match",NA,NA
"Premios y nominaciones de Eternal Sunshine of the Spotless Mind","classification.ores.articletopic/Culture.Media.Films|974|classification.ores.articletopic/History and Society.Society|649|classification.ores.articletopic/Culture.Media.Media*|814","Q6604821","tt0338013","Eternal Sunshine of the Spotless Mind","not exact match",NA,NA
"Clara se pierde en el bosque","classification.ores.articletopic/Culture.Media.Films|1000|classification.ores.articletopic/Culture.Media.Media*|1000","Q121704175","tt28291179","Clara se pierde en el bosque","match",NA,NA
"Premios recibidos por The Dark Knight","classification.ores.articletopic/Culture.Media.Films|932|classification.ores.articletopic/History and Society.Society|823|classification.ores.articletopic/Culture.Media.Media*|895","Q4434941","tt0468569","The Dark Knight","not exact match",NA,NA
"El juicio (película de 2023)","classification.ores.articletopic/Culture.Media.Films|1000|classification.ores.articletopic/Culture.Media.Media*|998|classification.ores.articletopic/Geography.Regions.Americas.South_America|926","Q121425304","tt11396282","The Trial","not exact match",NA,NA
"Teté Espinoza","classification.ores.articletopic/Culture.Media.Films|798|classification.ores.articletopic/Geography.Regions.Americas.North_America|554|classification.ores.articletopic/Culture.Media.Media*|880|classification.ores.articletopic/Culture.Biography.Biography*|993|classification.oneoff.T301028/mexico","Q51687537","tt8140282","Acá en la tierra","not exact match",NA,NA
"Le Chiffre","classification.ores.articletopic/Culture.Media.Media*|999|classification.ores.articletopic/Culture.Media.Films|994|classification.ores.articletopic/Culture.Media.Entertainment|637","Q2136439","tt0381061","Casino Royale","not exact match",NA,NA
"Talkartoons","classification.ores.articletopic/Culture.Media.Media*|515|classification.ores.articletopic/Culture.Media.Films|562|classification.ores.articletopic/Culture.Biography.Biography*|699","Q3980443","tt0141664","Noah's Lark","not exact match",NA,NA
"Física de los dibujos animados","classification.ores.articletopic/Culture.Media.Films|981|classification.ores.articletopic/Culture.Media.Media*|927","Q1108221","tt0096438","Who Framed Roger Rabbit","not exact match",NA,NA
"2037 (película)","classification.ores.articletopic/Geography.Regions.Asia.East_Asia|724|classification.ores.articletopic/Culture.Media.Media*|1000|classification.ores.articletopic/Geography.Regions.Asia.Asia*|615|classification.ores.articletopic/Culture.Media.Films|1000","Q111781383","tt28908",NA,NA,NA,NA
"Chamber (personaje de Valorant)","classification.ores.articletopic/Culture.Media.Media*|992|classification.ores.articletopic/Culture.Literature|990|classification.ores.articletopic/Culture.Media.Video_games|855|classification.ores.articletopic/Culture.Internet_culture|760|classification.ores.articletopic/Culture.Media.Films|718","Q116142593","tt12104902","Valorant","not exact match",NA,NA
"Churún Merú (1972)","classification.ores.articletopic/Culture.Media.Media*|999|classification.ores.articletopic/Geography.Regions.Americas.South_America|986|classification.ores.articletopic/Culture.Media.Films|999","Q117089905","tt26219540","Churun Meru","not exact match",NA,NA
"Bimbo (personaje)","classification.ores.articletopic/Culture.Media.Media*|954|classification.ores.articletopic/Culture.Media.Films|864|classification.ores.articletopic/Culture.Literature|846","Q3640084","tt0816234","Betty Boop's Hollywood Mystery","not exact match",NA,NA
"Premios y nominaciones de House M. D.","classification.ores.articletopic/Culture.Media.Media*|933|classification.ores.articletopic/Culture.Media.Television|651|classification.ores.articletopic/Culture.Media.Films|455|classification.ores.articletopic/History and Society.Society|671","Q171391","tt0412142","House","not exact match",NA,NA
"Yinka Edward","classification.ores.articletopic/Culture.Media.Media*|981|classification.ores.articletopic/Culture.Media.Films|979|classification.ores.articletopic/Culture.Biography.Biography*|754|classification.ores.articletopic/Geography.Regions.Africa.Africa*|743","Q39056551","tt2400272","Something Necessary","not exact match",NA,NA
"Premios y nominaciones de Avatar","classification.ores.articletopic/Culture.Media.Films|995|classification.ores.articletopic/History and Society.Society|745|classification.ores.articletopic/Culture.Media.Media*|919|classification.ores.articletopic/Culture.Sports|993","Q2558626","tt0499549","Avatar","not exact match",NA,NA
"Veladas en un caserío de Dikanka","classification.ores.articletopic/Culture.Literature|822|classification.ores.articletopic/Culture.Media.Films|499|classification.ores.articletopic/Geography.Regions.Europe.Eastern Europe|894|classification.ores.articletopic/History and Society.Society|405|classification.ores.articletopic/Culture.Media.Media*|871|recommendation.image_section/exists|1","Q318848","tt0057637","The Night Before Christmas","not exact match",NA,NA
"Buzz Buzzard","classification.ores.articletopic/Culture.Literature|500|classification.ores.articletopic/Culture.Media.Films|500|classification.ores.articletopic/Culture.Media.Media*|884","Q3647790","tt0040958","Wet Blanket Policy","not exact match",NA,NA
"Pambelé (serie de televisión)","classification.ores.articletopic/Culture.Media.Television|963|classification.ores.articletopic/Culture.Media.Media*|994|classification.ores.articletopic/Culture.Media.Films|554|classification.ores.articletopic/Geography.Regions.Americas.South_America|993","Q33020211","tt6311896","Pambelé","not exact match",NA,NA
"Películas con narrativa no lineal","classification.ores.articletopic/Culture.Media.Media*|974|classification.ores.articletopic/Culture.Media.Films|999","Q6630838","tt0446029","Scott Pilgrim vs. the World","not exact match",NA,NA
"Filmografía de Ryan Reynolds","classification.ores.articletopic/Culture.Media.Films|287|classification.ores.articletopic/History and Society.Education|598|classification.ores.articletopic/Culture.Biography.Biography*|598|classification.ores.articletopic/Culture.Media.Media*|946","Q23807921","tt5248776","Dragon's Lair: The Movie","not exact match",NA,NA
"Premios y nominaciones de Precious","classification.ores.articletopic/Culture.Media.Films|980|classification.ores.articletopic/History and Society.Society|905|classification.ores.articletopic/Culture.Biography.Biography*|301|classification.ores.articletopic/Culture.Media.Media*|818","Q6604854","tt0929632","Precious","not exact match",NA,NA
"Pizza Delivery","classification.ores.articletopic/Culture.Media.Media*|998|classification.ores.articletopic/Culture.Media.Television|991|classification.ores.articletopic/Culture.Media.Films|507","Q15142699","tt0769433","Pizza Delivery/Home Sweet Pineapple","not exact match",NA,NA
"Querido mentiroso","classification.ores.articletopic/Culture.Media.Films|661|classification.ores.articletopic/Culture.Performing arts|887|classification.ores.articletopic/Culture.Media.Media*|633|recommendation.link/exists|1","Q5091788","tt0881222","Cher menteur","not exact match",NA,NA
"Premios y nominaciones de Birdman o (la inesperada virtud de la ignorancia)","classification.ores.articletopic/Culture.Media.Films|995|classification.ores.articletopic/History and Society.Society|843|classification.ores.articletopic/Culture.Media.Media*|898","Q18786503","tt2562232","Birdman or (The Unexpected Virtue of Ignorance)","not exact match",NA,NA
"High School Musical (musical)","classification.ores.articletopic/Culture.Performing arts|987|classification.ores.articletopic/Culture.Media.Films|330|classification.ores.articletopic/Culture.Media.Media*|909|classification.ores.articletopic/Culture.Media.Music|675|recommendation.image_section/exists|1","Q2336119","tt0475293","High School Musical","not exact match",NA,NA
"Cine stoner","classification.ores.articletopic/Culture.Media.Media*|982|classification.ores.articletopic/Culture.Media.Films|999","Q457832","tt0780548","Kid Cannabis","not exact match",NA,NA
"Premios y nominaciones de Inside Out (película de 2015)","classification.ores.articletopic/Culture.Media.Media*|954|classification.ores.articletopic/Culture.Media.Films|995|classification.ores.articletopic/History and Society.Society|712|classification.ores.articletopic/Culture.Sports|32","Q21775771","tt2096673","Inside Out","not exact match",NA,NA
"Premios y nominaciones de Slumdog Millionaire","classification.ores.articletopic/Culture.Media.Films|952|classification.ores.articletopic/History and Society.Society|309|classification.ores.articletopic/Culture.Media.Media*|945","Q6604862","tt1010048","Slumdog Millionaire","not exact match",NA,NA
"Sony Pictures Studios","classification.ores.articletopic/Geography.Regions.Americas.North America|793|classification.ores.articletopic/Culture.Media.Films|780|classification.ores.articletopic/Culture.Media.Media*|938","Q2499130","tt0364828","Las Vegas","not exact match",NA,NA
"Omen (personaje)","classification.ores.articletopic/Culture.Media.Media*|998|classification.ores.articletopic/Culture.Literature|998|classification.ores.articletopic/Culture.Media.Video_games|995|classification.ores.articletopic/Culture.Internet_culture|990|classification.ores.articletopic/Culture.Media.Films|515","Q116146059","tt12104902","Valorant","not exact match",NA,NA
"Olvida los tambores","classification.ores.articletopic/Culture.Media.Films|562|classification.ores.articletopic/Culture.Media.Media*|562","Q6050369","tt0073483","Olvida los tambores","match",NA,NA
"Las fiestas (película de 2023)","classification.ores.articletopic/Culture.Media.Films|1000|classification.ores.articletopic/Culture.Media.Media*|1000","Q117360542","tt23036164","The Parties","not exact match",NA,NA
"Premios y nominaciones de Up","classification.ores.articletopic/Culture.Media.Films|963|classification.ores.articletopic/Culture.Media.Media*|952|classification.ores.articletopic/History and Society.Society|600","Q3249171","tt1049413","Up","not exact match",NA,NA
"Dr. No (personaje)","classification.ores.articletopic/Culture.Media.Films|784|classification.ores.articletopic/Culture.Media.Media*|923|classification.ores.articletopic/Culture.Literature|962|recommendation.image_section/exists|1|recommendation.image/exists|1","Q2053078","tt0055928","Dr. No","not exact match",NA,NA
"Harry Potter y el prisionero de Azkaban (banda sonora)","classification.ores.articletopic/Culture.Media.Media*|978|classification.ores.articletopic/Culture.Media.Music|460|classification.ores.articletopic/Culture.Media.Films|780","Q1148607","tt0304141","Harry Potter and the Prisoner of Azkaban","not exact match",NA,NA
"Premios y nominaciones de Inglourious Basterds","classification.ores.articletopic/Culture.Media.Media*|966|classification.ores.articletopic/History and Society.Society|777|classification.ores.articletopic/Culture.Media.Films|998","Q6604833","tt0361748","Inglourious Basterds","not exact match",NA,NA
"Los impactados","classification.ores.articletopic/Culture.Media.Films|1000|classification.ores.articletopic/Culture.Media.Media*|999","Q121704184","tt9009130","Los impactados","match",NA,NA
"Infierno grande","classification.ores.articletopic/Geography.Regions.Americas.South_America|651|classification.ores.articletopic/Culture.Media.Media*|1000|classification.ores.articletopic/Culture.Media.Films|1000|classification.oneoff.T301028/argentina","Q76827661","tt10417498","Infierno grande","match",NA,NA
"Premios recibidos por Black Panther (película)","classification.ores.articletopic/Culture.Media.Media*|922|classification.ores.articletopic/Culture.Media.Films|996|classification.ores.articletopic/History and Society.Society|743","Q55617512","tt1825683","Black Panther","not exact match",NA,NA
"Premios y nominaciones de WALL·E","classification.ores.articletopic/Culture.Media.Media*|956|classification.ores.articletopic/Culture.Media.Films|996|classification.ores.articletopic/History and Society.Society|654","Q1089529","tt0910970","WALL·E","not exact match",NA,NA
"Héctor Valdez Martínez","classification.ores.articletopic/Culture.Media.Films|961|classification.ores.articletopic/Culture.Biography.Biography*|679|classification.ores.articletopic/Culture.Media.Media*|890","Q98872598","tt6927124","Malpaso","not exact match",NA,NA
"Transformers: Age of Extinction – The Score","classification.ores.articletopic/Culture.Media.Media*|933|classification.ores.articletopic/Culture.Media.Films|613","Q17151512","tt2109248","Transformers: Age of Extinction","not exact match",NA,NA
"Premios y nominaciones de Los Soprano","classification.ores.articletopic/Culture.Media.Television|532|classification.ores.articletopic/Culture.Media.Media*|943|classification.ores.articletopic/Culture.Media.Entertainment|423|classification.ores.articletopic/Culture.Media.Films|720","Q2720528","tt0141842","The Sopranos","not exact match",NA,NA
"Cine de espionaje","classification.ores.articletopic/Culture.Media.Media*|932|classification.ores.articletopic/Culture.Media.Films|996|recommendation.image/exists|1","Q2297927","tt0458876","O.H.M.S.","not exact match",NA,NA
"¡Mamá, quiero ser artista!","classification.ores.articletopic/Culture.Media.Media*|896|classification.ores.articletopic/Culture.Performing_arts|515|classification.ores.articletopic/Culture.Media.Films|629","Q21003221","tt1414584","¡Mamá, quiero ser artista!","match",NA,NA
"Skye (personaje)","classification.ores.articletopic/Culture.Media.Media*|994|classification.ores.articletopic/Culture.Literature|991|classification.ores.articletopic/Culture.Media.Video_games|938|classification.ores.articletopic/Culture.Internet_culture|843|classification.ores.articletopic/Culture.Media.Films|554","Q116142674","tt12104902","Valorant","not exact match",NA,NA
"La Negrita, el Milagro de Nuestra Señora de los Ángeles","classification.ores.articletopic/Culture.Media.Media*|999|classification.ores.articletopic/Culture.Media.Films|999","Q98071450","tt5739786","La Negrita: the Miracle of Our Lady of Los Angeles","not exact match",NA,NA
"Sova (personaje)","classification.ores.articletopic/Culture.Media.Media*|980|classification.ores.articletopic/Geography.Regions.Asia.Asia*|921|classification.ores.articletopic/Culture.Literature|917|classification.ores.articletopic/Culture.Internet_culture|870|classification.ores.articletopic/Culture.Media.Video_games|766|classification.ores.articletopic/Culture.Media.Films|507","Q116142793","tt12104902","Valorant","not exact match",NA,NA
"MTV Movie Awards 2013","classification.ores.articletopic/Culture.Media.Media*|943|classification.ores.articletopic/Culture.Media.Films|972","Q4516522","tt2806252","2013 MTV Movie Awards","not exact match",NA,NA
"Yen Sid","classification.ores.articletopic/Culture.Media.Media*|996|classification.ores.articletopic/Culture.Literature|749|classification.ores.articletopic/Culture.Media.Films|1000","Q3572177","tt13295940","Disney Learning: Phonics Quest","not exact match",NA,NA
"Frozen (musical)","classification.ores.articletopic/Culture.Performing_arts|997|classification.ores.articletopic/Culture.Media.Music|919|classification.ores.articletopic/Culture.Media.Media*|909|classification.ores.articletopic/Culture.Media.Films|893","Q30597506","tt2294629","Frozen","not exact match",NA,NA
"Colin Arthur","classification.ores.articletopic/Culture.Media.Films|992|classification.ores.articletopic/Culture.Media.Media*|978|classification.ores.articletopic/Culture.Biography.Biography*|835","Q67035725","tt0072684","Barry Lyndon","not exact match",NA,NA
"Miss Hokusai","classification.ores.articletopic/Culture.Visual arts.Visual arts*|999|classification.ores.articletopic/Culture.Visual arts.Comics and Anime|999|classification.ores.articletopic/Culture.Media.Films|567|classification.ores.articletopic/Culture.Literature|995|recommendation.link/exists|1","Q29940472","tt3689910","Miss Hokusai","match",NA,NA
"Rebound (película de 2023)","classification.ores.articletopic/Geography.Regions.Asia.East_Asia|921|classification.ores.articletopic/Culture.Media.Media*|996|classification.ores.articletopic/Culture.Media.Films|998|classification.ores.articletopic/Geography.Regions.Asia.Asia*|859","Q116882535","tt27002199","Rebound","not exact match",NA,NA
"This is colombia HPTA!","classification.ores.articletopic/Culture.Media.Media*|952|classification.ores.articletopic/Culture.Biography.Biography*|1000|classification.ores.articletopic/Culture.Media.Films|987|classification.ores.articletopic/Geography.Regions.Americas.South_America|982","Q122418017","tt0515471","Episode #1.1","not exact match",NA,NA
"Premios y nominaciones de Ratatouille","classification.ores.articletopic/History and Society.Society|749|classification.ores.articletopic/Culture.Media.Media*|943|classification.ores.articletopic/Culture.Media.Films|956","Q2355648","tt0382932","Ratatouille","not exact match",NA,NA
"Girl Rising","classification.ores.articletopic/History and Society.Society|362|classification.ores.articletopic/Culture.Media.Media*|698|classification.ores.articletopic/Culture.Biography.Biography*|513|classification.ores.articletopic/Culture.Media.Films|593","Q15995098","tt2444946","Girl Rising","match",NA,NA
"Soy la puerta","classification.ores.articletopic/Culture.Literature|985|classification.ores.articletopic/Culture.Media.Media*|976|classification.ores.articletopic/Culture.Media.Films|810|classification.ores.articletopic/Culture.Media.Books|724","Q2061455","tt4522960","I Am the Doorway","not exact match",NA,NA
"Computer Animation Production System","classification.ores.articletopic/Culture.Media.Films|961|classification.ores.articletopic/Culture.Media.Media*|890|recommendation.image/exists|1","Q635983","tt0107688","The Nightmare Before Christmas","not exact match",NA,NA
"Cantante de playback","classification.ores.articletopic/Culture.Biography.Biography*|494|classification.ores.articletopic/Geography.Regions.Asia.South Asia|363|classification.ores.articletopic/Culture.Media.Films|935|classification.ores.articletopic/Geography.Regions.Asia.Asia*|457|classification.ores.articletopic/Culture.Media.Media*|737","Q1755412","tt0059742","The Sound of Music","not exact match",NA,NA
"Philippe Gaulier","classification.ores.articletopic/Culture.Media.Films|531|classification.ores.articletopic/Culture.Biography.Biography*|926|classification.ores.articletopic/Geography.Regions.Europe.Europe*|607","Q2917887","tt2511808","New Shoes: Today's Clowns in Europe","not exact match",NA,NA
"Fletch","classification.ores.articletopic/Culture.Media.Films|288|classification.ores.articletopic/Culture.Media.Books|987|classification.ores.articletopic/Culture.Literature|981|classification.ores.articletopic/Culture.Media.Media*|990","Q5230010","tt0089155","Fletch","match",NA,NA
"Brimstone (personaje)","classification.ores.articletopic/Culture.Literature|995|classification.ores.articletopic/Culture.Media.Media*|995|classification.ores.articletopic/Culture.Media.Video_games|983|classification.ores.articletopic/Culture.Internet_culture|967|classification.ores.articletopic/Culture.Media.Films|679","Q116142447","tt12104902","Valorant","not exact match",NA,NA
"Jardín de amapolas","classification.ores.articletopic/Culture.Media.Media*|984|classification.ores.articletopic/Culture.Media.Films|998","Q51886291","tt1885247","Field of Amapolas","not exact match",NA,NA
"Episodios de Mortified","classification.ores.articletopic/History and Society.Education|453|classification.ores.articletopic/Culture.Media.Films|270|classification.ores.articletopic/Geography.Regions.Europe.Eastern Europe|979|classification.ores.articletopic/STEM.Physics|979|classification.ores.articletopic/Geography.Regions.Europe.Northern Europe|834|classification.ores.articletopic/Geography.Regions.Europe.Europe*|976|classification.ores.articletopic/Culture.Media.Television|874|classification.ores.articletopic/Culture.Media.Media*|981|classification.ores.articletopic/STEM.STEM*|949|classification.ores.articletopic/Culture.Visual arts.Visual arts*|998|classification.ores.articletopic/History and Society.Politics and government|738","Q6590778","tt0495020","Mortified","not exact match",NA,NA
"Prey (película de 2019","classification.ores.articletopic/Culture.Media.Films|1000|classification.ores.articletopic/Culture.Media.Media*|1000","Q122714747","tt5699928","Prey","not exact match",NA,NA
"Ganso Gandy","classification.ores.articletopic/Culture.Literature|998|classification.ores.articletopic/Culture.Media.Films|964|classification.ores.articletopic/Culture.Media.Media*|665","Q2652126","tt0148203","Gandy the Goose","not exact match",NA,NA
"Megaguirus","classification.ores.articletopic/Culture.Media.Media*|932|classification.ores.articletopic/Culture.Media.Entertainment|864|classification.ores.articletopic/Geography.Regions.Asia.East Asia|821|classification.ores.articletopic/Culture.Media.Films|911|classification.ores.articletopic/Culture.Literature|948|classification.ores.articletopic/Geography.Regions.Asia.Asia*|902","Q3086527","tt0255198","Godzilla vs. Megaguirus","not exact match",NA,NA
"The Fan (banda sonora)","classification.ores.articletopic/Culture.Media.Books|734|classification.ores.articletopic/Culture.Media.Films|689|classification.ores.articletopic/Geography.Regions.Asia.Asia*|511|classification.ores.articletopic/Culture.Biography.Biography*|641|classification.ores.articletopic/Culture.Media.Media*|968","Q7733373","tt0116277","The Fan","not exact match",NA,NA
"Premios y nominaciones de True Grit","classification.ores.articletopic/History and Society.Society|718|classification.ores.articletopic/Culture.Media.Films|998|classification.ores.articletopic/Culture.Media.Media*|969","Q6604877","tt1403865","True Grit","not exact match",NA,NA
"Disney Illusion Island","classification.ores.articletopic/Culture.Media.Films|531|classification.ores.articletopic/Culture.Media.Media*|1000|classification.ores.articletopic/Culture.Internet_culture|1000|classification.ores.articletopic/Culture.Media.Video_games|1000","Q113875958","tt28517727","Disney Illusion Island","match",NA,NA
"Volando sobre California","classification.ores.articletopic/Culture.Media.Media*|977|classification.ores.articletopic/Culture.Media.Entertainment|593|classification.ores.articletopic/Culture.Media.Films|994","Q2775778","tt0253725","Soarin'","not exact match",NA,NA
"Premios y nominaciones de Minari","classification.ores.articletopic/Culture.Media.Media*|956|classification.ores.articletopic/Culture.Media.Films|996|classification.ores.articletopic/History and Society.Society|910","Q105638859","tt10633456","Minari","not exact match",NA,NA
"Ciudad Delta","classification.ores.articletopic/Culture.Media.Media*|912|classification.ores.articletopic/Culture.Media.Entertainment|585|classification.ores.articletopic/Culture.Media.Films|562","Q16549349","tt0093870","RoboCop","not exact match",NA,NA
"Patricia Douglas","classification.ores.articletopic/Culture.Biography.Biography*|926|classification.ores.articletopic/Culture.Biography.Women|782|classification.ores.articletopic/Culture.Media.Films|754|classification.ores.articletopic/Culture.Media.Media*|705","Q105862435","tt0912586","Girl 27","not exact match",NA,NA
"Señora ama","classification.ores.articletopic/Culture.Media.Media*|904|classification.ores.articletopic/Culture.Media.Films|712","Q6126661","tt0573613","Señora Ama II","not exact match",NA,NA
"Hollywood Center Studios","classification.ores.articletopic/Geography.Regions.Americas.North America|755|classification.ores.articletopic/Culture.Media.Films|617|classification.ores.articletopic/Culture.Media.Media*|903","Q5882664","tt0020960","Hell's Angels","not exact match",NA,NA
"KAY/O (personaje)","classification.ores.articletopic/Culture.Media.Media*|999|classification.ores.articletopic/Culture.Literature|999|classification.ores.articletopic/Culture.Media.Video_games|998|classification.ores.articletopic/Culture.Internet_culture|995|classification.ores.articletopic/Culture.Media.Films|658","Q116145339","tt12104902","Valorant","not exact match",NA,NA
"Carmen Serret","classification.ores.articletopic/Culture.Biography.Biography*|992|classification.ores.articletopic/Culture.Media.Media*|948|classification.ores.articletopic/Culture.Media.Films|679","Q116136843","tt0372092","Si lo sé... no vengo","not exact match",NA,NA
"Premios y nominaciones de The Artist","classification.ores.articletopic/History and Society.Society|408|classification.ores.articletopic/Culture.Media.Media*|822|classification.ores.articletopic/Culture.Media.Films|975","Q462527","tt1655442","The Artist","not exact match",NA,NA
"Breach (personaje)","classification.ores.articletopic/Culture.Media.Media*|995|classification.ores.articletopic/Culture.Literature|994|classification.ores.articletopic/Culture.Media.Video_games|987|classification.ores.articletopic/Culture.Internet_culture|972|classification.ores.articletopic/Culture.Media.Films|577","Q116142150","tt12104902","Valorant","not exact match",NA,NA
"Jaime Maestro","classification.ores.articletopic/Culture.Media.Media*|993|classification.ores.articletopic/Culture.Media.Films|979","Q43867285","tt4429160","Red Shoes and the Seven Dwarfs","not exact match",NA,NA
"From Dusk Till Dawn (franquicia)","classification.ores.articletopic/Culture.Media.Films|743|classification.ores.articletopic/Culture.Media.Media*|980|classification.ores.articletopic/Culture.Media.Entertainment|415|recommendation.link/exists|1","Q5505399","tt0120860","From Dusk Till Dawn 2: Texas Blood Money","not exact match",NA,NA
"Science Fiction/Double Feature","classification.ores.articletopic/Culture.Media.Films|813|classification.ores.articletopic/Culture.Media.Music|520|classification.ores.articletopic/Culture.Media.Media*|935|recommendation.image/exists|1","Q2260209","tt0073629","The Rocky Horror Picture Show","not exact match",NA,NA
"Desperté con un sueño","classification.ores.articletopic/Culture.Media.Media*|1000|classification.ores.articletopic/Culture.Media.Films|1000","Q121444317","tt26346352","I Woke Up with a Dream","not exact match",NA,NA
"Presentaciones de Ecuador para el Óscar a la mejor película internacional","classification.ores.articletopic/Geography.Regions.Americas.South America|733|classification.ores.articletopic/Culture.Media.Films|643|classification.ores.articletopic/Culture.Media.Media*|765","Q6569775","tt0382621","Cronicas","not exact match",NA,NA
"Brave Story","classification.ores.articletopic/Culture.Literature|998|classification.ores.articletopic/Culture.Visual arts.Visual arts*|989|classification.ores.articletopic/Culture.Visual arts.Comics and Anime|999|classification.ores.articletopic/Culture.Internet culture|963|classification.ores.articletopic/Culture.Media.Video games|982|classification.ores.articletopic/Culture.Media.Films|292|classification.ores.articletopic/Culture.Media.Media*|946","Q1314114","tt0778631","Brave Story","match",NA,NA
"Jugando por el mundo","classification.ores.articletopic/Culture.Media.Media*|980|classification.ores.articletopic/Culture.Media.Films|839|classification.ores.articletopic/Culture.Media.Television|777","Q5665056","tt1980952","Disney Friends for Change Games","not exact match",NA,NA
"Betsabé Ruiz","classification.ores.articletopic/Culture.Media.Media*|972|classification.ores.articletopic/Culture.Media.Films|962","Q106514898","tt0066160","The Werewolf Versus the Vampire Woman","not exact match",NA,NA
"Thriller social","classification.ores.articletopic/Culture.Media.Films|984|classification.ores.articletopic/Culture.Media.Media*|982","Q38608778","tt5600714","Laal Rang","not exact match",NA,NA
"Festival Internacional de Cine UNAM","classification.ores.articletopic/Culture.Media.Media*|921|classification.ores.articletopic/Culture.Media.Films|986|classification.oneoff.T301028/mexico","Q2883000","tt1899224","La historia en la mirada","not exact match",NA,NA
"Juana Banana","classification.ores.articletopic/Culture.Media.Films|1000|classification.ores.articletopic/Culture.Media.Media*|1000|classification.ores.articletopic/Geography.Regions.Americas.South_America|507","Q116447831","tt11537034","Herbaria","not exact match",NA,NA
"Adentro mío estoy bailando","classification.ores.articletopic/Culture.Media.Films|1000|classification.ores.articletopic/Culture.Media.Media*|1000","Q121420035","tt26448952","The Klemzer Project","not exact match",NA,NA
"Bump n' Grind","classification.ores.articletopic/Culture.Media.Music|991|classification.ores.articletopic/Culture.Media.Media*|993|classification.ores.articletopic/Culture.Media.Films|999","Q2928151","tt0472896","R. Kelly: The R. in R&B - The Video Collection","not exact match",NA,NA
"Thor (banda sonora)","classification.ores.articletopic/Culture.Media.Media*|933|classification.ores.articletopic/Culture.Media.Films|865|classification.ores.articletopic/Culture.Media.Music|557","Q7796048","tt0800369","Thor","not exact match",NA,NA
"Abuelas, una película sobre (y con) Abuelas de Plaza de Mayo","classification.ores.articletopic/Culture.Media.Media*|999|classification.ores.articletopic/Culture.Media.Films|1000","Q118327525","tt7847688","Abuelas, una película sobre (y con) Abuelas de Plaza de Mayo.","not exact match",NA,NA
"Mi novia está de madre","classification.ores.articletopic/Culture.Media.Media*|769|classification.ores.articletopic/Culture.Media.Films|920","Q6827071","tt1050729","Mi novia está... de madre!","not exact match",NA,NA
"Asociación de Críticos de Cine de San Luis","classification.ores.articletopic/Culture.Media.Media*|974|classification.ores.articletopic/Culture.Media.Films|994","Q3495286","tt0375063","Sideways","not exact match",NA,NA
"Temas en Minority Report","classification.ores.articletopic/Culture.Media.Films|266|classification.ores.articletopic/Culture.Literature|872|classification.ores.articletopic/Culture.Media.Media*|957|classification.ores.articletopic/Culture.Media.Books|574","Q2894957","tt0181689","Minority Report","not exact match",NA,NA
"Gabby","classification.ores.articletopic/Culture.Media.Media*|991|classification.ores.articletopic/Culture.Media.Films|998","Q1284474","tt3661462",NA,NA,NA,NA
"Digital Frontier","classification.ores.articletopic/Culture.Literature|900|classification.ores.articletopic/Culture.Media.Video games|588|classification.ores.articletopic/Culture.Media.Media*|831|classification.ores.articletopic/Culture.Visual arts.Comics and Anime|915|classification.ores.articletopic/Geography.Regions.Asia.Asia*|755|classification.ores.articletopic/Geography.Regions.Asia.East Asia|851|classification.ores.articletopic/Culture.Media.Films|271|recommendation.link/exists|1|recommendation.image/exists|1","Q5275866","tt1174954","Resident Evil: Degeneration","not exact match",NA,NA
"MTV Movie Awards 2014","classification.ores.articletopic/Culture.Media.Television|864|classification.ores.articletopic/Culture.Media.Films|739|classification.ores.articletopic/Culture.Media.Media*|969","Q15901338","tt3578774","2014 MTV Movie Awards","not exact match",NA,NA
"Mojo (obra)","classification.ores.articletopic/Culture.Media.Media*|920|classification.ores.articletopic/Culture.Media.Films|789","Q6895107","tt119690",NA,NA,NA,NA
"Cine de Palestina","classification.ores.articletopic/Geography.Regions.Asia.Asia*|993|classification.ores.articletopic/Geography.Regions.Asia.West Asia|997|classification.ores.articletopic/Culture.Media.Films|712","Q2973211","tt0115895","Chronicle of a Disappearance","not exact match",NA,NA
"Bajirao Mastani (banda sonora)","classification.ores.articletopic/Geography.Regions.Asia.Asia*|881|classification.ores.articletopic/Geography.Regions.Asia.South Asia|828|classification.ores.articletopic/Culture.Media.Films|638|classification.ores.articletopic/Culture.Media.Music|255|classification.ores.articletopic/Culture.Media.Media*|914","Q25095228","tt3735246","Bajirao Mastani","not exact match",NA,NA
"Ficción Stalag","classification.ores.articletopic/Geography.Regions.Asia.Asia*|880|classification.ores.articletopic/Geography.Regions.Asia.West Asia|678|classification.ores.articletopic/Culture.Media.Media*|917|classification.ores.articletopic/Culture.Media.Films|459|classification.ores.articletopic/History and Society.History|209|classification.ores.articletopic/Culture.Philosophy and religion|469","Q7597174","tt1479963","Stalags","not exact match",NA,NA
"Heartbreakers (álbum)","classification.ores.articletopic/Culture.Media.Films|794|classification.ores.articletopic/Geography.Regions.Asia.Asia*|828|classification.ores.articletopic/Geography.Regions.Asia.South Asia|915|classification.ores.articletopic/Culture.Biography.Biography*|545|classification.ores.articletopic/Culture.Sports|100","Q3783950","tt0087397","Heartbreakers","not exact match",NA,NA
"A Wind Named Amnesia (película)","classification.ores.articletopic/Culture.Media.Media*|999|classification.ores.articletopic/Culture.Visual_arts.Comics_and_Anime|974|classification.ores.articletopic/Culture.Visual_arts.Visual_arts*|909|classification.ores.articletopic/Geography.Regions.Asia.East_Asia|500|classification.ores.articletopic/Culture.Literature|893|classification.ores.articletopic/Culture.Media.Films|999","Q115691312","tt0108570","A Wind Named Amnesia","not exact match",NA,NA
"Cine de Sudán","classification.ores.articletopic/Culture.Media.Media*|782|classification.ores.articletopic/Geography.Regions.Africa.Northern_Africa|967|classification.ores.articletopic/Geography.Regions.Africa.Africa*|955|classification.ores.articletopic/Culture.Media.Films|705|recommendation.image_section/exists|1|recommendation.image/exists|1","Q6804692","tt3429942","Tajouj","not exact match",NA,NA
"Showscan","classification.ores.articletopic/Culture.Media.Media*|943|classification.ores.articletopic/Culture.Media.Films|995","Q993598","tt0058990","Brainstorm","not exact match",NA,NA
"¿Qué hacemos con los hijos?","classification.ores.articletopic/Culture.Media.Media*|798|classification.ores.articletopic/Culture.Media.Films|692","Q6172473","tt0062533","¿Qué hacemos con los hijos?","match",NA,NA
"La fabulosa historia de Diego Marín","classification.ores.articletopic/Culture.Media.Media*|1000|classification.ores.articletopic/Culture.Media.Films|1000","Q23758680","tt0162954","La fabulosa historia de Diego Marín","match",NA,NA
"Athletic Model Guild","classification.ores.articletopic/Culture.Media.Films|887|classification.ores.articletopic/Culture.Media.Media*|928","Q755616","tt0187712","Beefcake","not exact match",NA,NA
"The Music Critic","classification.ores.articletopic/Culture.Media.Music|515|classification.ores.articletopic/Culture.Media.Media*|1000|classification.ores.articletopic/Culture.Media.Films|1000","Q121334964","tt14444756","The Music Critic","match",NA,NA
"The Freak","classification.ores.articletopic/Culture.Media.Films|986|classification.ores.articletopic/Culture.Media.Media*|968","Q9086821","tt0381082","Charlie Chaplin: The Forgotten Years","not exact match",NA,NA
"Bukan Bintang Biasa","classification.ores.articletopic/Geography.Regions.Asia.Southeast Asia|853|classification.ores.articletopic/Culture.Media.Films|973|classification.ores.articletopic/Geography.Regions.Asia.Asia*|973|classification.ores.articletopic/Culture.Media.Media*|967","Q16171664","tt1063598","Extraordinary Star","not exact match",NA,NA
"Juan Pablo Mendive","classification.ores.articletopic/Culture.Biography.Biography*|912|classification.ores.articletopic/Culture.Media.Media*|766|classification.ores.articletopic/Culture.Media.Films|607","Q118560532","tt9020594","Immigrants Eat It","not exact match",NA,NA
"Cine de Omán","classification.ores.articletopic/Culture.Media.Media*|929|classification.ores.articletopic/Culture.Media.Films|827|classification.ores.articletopic/Geography.Regions.Asia.Asia*|737","Q2973205","tt0843995","The Dawn","not exact match",NA,NA
"Flashpoint (álbum de Tangerine Dream)","classification.ores.articletopic/Culture.Media.Films|893|classification.ores.articletopic/Culture.Media.Media*|725|classification.ores.articletopic/Culture.Media.Music|903|classification.ores.articletopic/Geography.Regions.Asia.South Asia|282|classification.ores.articletopic/Culture.Sports|76|classification.ores.articletopic/Geography.Regions.Europe.Southern Europe|752|classification.ores.articletopic/Geography.Regions.Asia.West Asia|984|classification.ores.articletopic/Geography.Regions.Asia.Asia*|648","Q600052","tt0087268","Flashpoint","not exact match",NA,NA
"XXXchurch.com","classification.ores.articletopic/Culture.Media.Media*|877|classification.ores.articletopic/STEM.STEM*|458|classification.ores.articletopic/Culture.Media.Films|759|classification.ores.articletopic/History and Society.Society|354|recommendation.image/exists|1","Q8042642","tt0451127","Missionary Positions","not exact match",NA,NA
"Wavelength (álbum)","classification.ores.articletopic/Culture.Media.Films|794|classification.ores.articletopic/Geography.Regions.Asia.Asia*|828|classification.ores.articletopic/Geography.Regions.Asia.South Asia|915|classification.ores.articletopic/Culture.Biography.Biography*|545|classification.ores.articletopic/Culture.Sports|100","Q2266707","tt0086571","Wavelength","not exact match",NA,NA
"Inquisición (obra de teatro)","classification.ores.articletopic/Culture.Media.Films|658|classification.ores.articletopic/Culture.Performing_arts|615|classification.ores.articletopic/Culture.Media.Media*|507","Q5916842","tt0573421","Inquisición","not exact match",NA,NA
"Chelsea Sexton","classification.ores.articletopic/Geography.Regions.Americas.North_America|803|classification.ores.articletopic/Culture.Biography.Biography*|989|classification.ores.articletopic/Culture.Media.Films|500|classification.ores.articletopic/Culture.Media.Media*|803","Q5090132","tt1413496","Revenge of the Electric Car","not exact match",NA,NA
"El Hombre con las Suelas Doradas","classification.ores.articletopic/Culture.Media.Media*|972|classification.ores.articletopic/Geography.Regions.Asia.West Asia|568|classification.ores.articletopic/Geography.Regions.Asia.Asia*|721|classification.ores.articletopic/Culture.Media.Films|998","Q7750142","tt0282799","Layali ibn awa","not exact match",NA,NA
"The Gun Woman","classification.ores.articletopic/Culture.Media.Films|999|classification.ores.articletopic/Culture.Media.Media*|990","Q3521176","tt0009137","The Gun Woman","match",NA,NA
"KM Produce","classification.ores.articletopic/Culture.Media.Media*|974|classification.ores.articletopic/Culture.Media.Films|957|classification.ores.articletopic/History_and_Society.Business_and_economics|692|classification.ores.articletopic/Geography.Regions.Asia.Asia*|592|classification.ores.articletopic/Geography.Regions.Asia.East_Asia|531","Q860069","tt1173487","Dark Love: Rape","not exact match",NA,NA
"Premios de Shaun the Sheep Movie","classification.ores.articletopic/Culture.Media.Media*|931|classification.ores.articletopic/Culture.Media.Films|975|classification.ores.articletopic/History and Society.Society|810","Q25037027","tt2872750","Shaun the Sheep Movie","not exact match",NA,NA
"Agustín Barovero","classification.ores.articletopic/Culture.Biography.Biography*|995|classification.ores.articletopic/Culture.Media.Films|926|classification.ores.articletopic/Culture.Media.Media*|847","Q118698044","tt11481668","El tiempo compartido","not exact match",NA,NA
"Teleview","classification.ores.articletopic/Culture.Media.Films|764|classification.ores.articletopic/Culture.Media.Media*|670","Q3982997","tt0014391","Radio-Mania","not exact match",NA,NA
"Catastrópico","classification.ores.articletopic/Culture.Media.Media*|1000|classification.ores.articletopic/Culture.Media.Films|1000","Q120970994","tt5158306","Catastrópico","match",NA,NA
"Películas de Estados Unidos de 2018","classification.ores.articletopic/Culture.Media.Films|997|classification.ores.articletopic/Culture.Media.Media*|982","Q59491804","tt6730898","Lazer Team 2","not exact match",NA,NA
"Atsuko Hirayanagi","classification.ores.articletopic/Geography.Regions.Asia.East_Asia|665|classification.ores.articletopic/Culture.Biography.Biography*|997|classification.ores.articletopic/Culture.Media.Films|989|classification.ores.articletopic/Culture.Media.Media*|970|classification.ores.articletopic/Geography.Regions.Asia.Asia*|737","Q52424233","tt3672582","Oh Lucy!","not exact match",NA,NA
"Episodios de City Homicide","classification.ores.articletopic/History and Society.Education|453|classification.ores.articletopic/Culture.Media.Films|270|classification.ores.articletopic/Geography.Regions.Europe.Eastern Europe|979|classification.ores.articletopic/STEM.Physics|979|classification.ores.articletopic/Geography.Regions.Europe.Northern Europe|834|classification.ores.articletopic/Geography.Regions.Europe.Europe*|976|classification.ores.articletopic/Culture.Media.Television|874|classification.ores.articletopic/Culture.Media.Media*|981|classification.ores.articletopic/STEM.STEM*|949|classification.ores.articletopic/Culture.Visual arts.Visual arts*|998|classification.ores.articletopic/History and Society.Politics and government|738","Q6567334","tt1024932","City Homicide","not exact match",NA,NA
"Queen Adran","classification.ores.articletopic/Culture.Literature|1000|classification.ores.articletopic/Culture.Biography.Women|965|classification.ores.articletopic/Culture.Media.Films|961|classification.ores.articletopic/Culture.Media.Media*|896|classification.ores.articletopic/Culture.Visual_arts.Comics_and_Anime|847|classification.ores.articletopic/Culture.Visual_arts.Visual_arts*|705","Q7270167","tt452903",NA,NA,NA,NA
"The Cut (película)","classification.ores.articletopic/Culture.Media.Media*|955|classification.ores.articletopic/Culture.Media.Films|973|classification.ores.articletopic/Geography.Regions.Africa.Africa*|986","Q60737640","tt8413566","Disconnect","not exact match",NA,NA
"A Long Night","classification.ores.articletopic/Culture.Media.Media*|875|classification.ores.articletopic/Culture.Media.Films|940","Q79355449","tt6783894","A Long Night","match",NA,NA
"Sabri Kaliç","classification.ores.articletopic/Culture.Media.Media*|956|classification.ores.articletopic/Culture.Media.Films|919|classification.ores.articletopic/Culture.Biography.Biography*|731","Q6100836","tt1966660","Ölüm Yolculugu","not exact match",NA,NA
"Mensaje interrumpido","classification.ores.articletopic/Culture.Media.Films|1000|classification.ores.articletopic/Culture.Media.Media*|999","Q106944739","tt14602030","Mensaje interrumpido","match",NA,NA
"Mi novia otaku","classification.ores.articletopic/Culture.Media.Media*|998|classification.ores.articletopic/Culture.Visual_arts.Visual_arts*|507|classification.ores.articletopic/Culture.Visual_arts.Comics_and_Anime|692|classification.ores.articletopic/Culture.Media.Films|1000","Q122925802","tt28775464","My Otaku Girlfriend","not exact match",NA,NA
"Chinas (película)","classification.ores.articletopic/Culture.Media.Films|1000|classification.ores.articletopic/Culture.Media.Media*|1000","Q122973966","tt21282898","Chinas","not exact match",NA,NA
